,link,ingredient
0,https://www.youtube.com//watch?v=6X8vhbTwFJk,"['순두부 한 봉지', '김 1장', '계란3개', '청양고추 1개', '쪽파 4쪽', '간장2T', '굴소스1T', '올리고당1T', '참기름1T', '후추 약간']"
1,https://www.youtube.com//watch?v=W2uHpajnNl0,"['크래미 3개', '계란2개', '양파 1/2개', '(작은)대파 1/3', '굴소스1T', '후추 약간']"
2,https://www.youtube.com//watch?v=bY-ud8eBo2w,"['양배추 1/4개 (380g)', '두부1/2모(300g)', '계란 2~3개', '라이스페이퍼 10~12장', '대파1/3', '소금 두 꼬집', '굴소스1T', '참기름1T', '후추 약간']"
3,https://www.youtube.com//watch?v=LeEywpHvY_A,"['두부 1모', '계란 3개 (소금 한 꼬집 반)', '밥 1 공기 (참기름1/2T 소금 1/4t)', '김 3장', '깻잎 12장', '단무지 4개', '다진마늘 1/2T', '간장 2T', '올리고당 1T', '물 4T', '참기름 1/2T']"
4,https://www.youtube.com//watch?v=DuR9fhsHjg4,"['두부 한 모(300g)', '양파 1/4개 (60g)', '표고버섯 3개', '다진 대파 1T (또는 다진마늘)', '간장2T', '굴소스1/2T', '설탕1/2T', '참기름 1/2T']"
5,https://www.youtube.com//watch?v=qQYOkoSOSQ8,"['두부 1모 (300g)', '계란 4개', '양파 1/4', '소금 1/2t', '후추 약간', '참치 작은캔 80g', '마요네즈 1T', '후추 약간', '로메인상추 7장', '깻잎 5장', '체다치즈 ', '햄', '케첩', '꿀']"
6,https://www.youtube.com//watch?v=kwKlJr4Eqx8,"['팽이버섯 1봉', '계란 3개', '묵은지 70g', '깻잎 10장', '청양고추 2개 (선택)', '설탕1/3T', '들(참)기름 1/2T', '소금 2꼬집', '후추 약간']"
7,https://www.youtube.com//watch?v=etdLXI_s764,"['1인분', '김치 1/2컵 (100g)', '스팸 1/2 (100g)', '대파 1/3 (30g)', '밥 1 공기 (200g)', '식용유 2T', '간장1/2T', '설탕1/3T (김치의 신맛에 따라 가감)', '고추장1/2T', '참기름 1T']"
8,https://www.youtube.com//watch?v=bPdflfFwe2E,"['사각어묵 2장', '깻잎 9장', '진미채 50g (물1컵 맛술2T 소금 1t)', '청양고추 2개', '단무지 3개', '김 2~3장', '간장1.5T', '설탕1/2T', '올리고당1T', '물2T', '참기름1/2T', '밥 한공기 (참기름 1T 소금1/4t)']"
9,https://www.youtube.com//watch?v=AwycQ0XLHeI,"['두부 1/2모', '스팸 4조각', '계란 4개', '대파 1/2', '소금 2꼬집', '후추 약간']"
10,https://www.youtube.com//watch?v=hpCHe5Ec0Wg,"['김치1/2포기', '스팸 200g', '밥 2공기(400g)', '계란 5개', '소금 1t', '깻잎 20장', '김 5장', '간장1T', '설탕1T', '참기름1T']"
11,https://www.youtube.com//watch?v=ZEk2nSbwQC8,"['두부 한 모 (300g)', '숙주 한줌반 (150g)', '대파 2/3', '청양고추 1개', '소금 2-3꼬집', '간장 2T', '굴소스 1T', '설탕 1T', '다진마늘 1T', '다진양파 2T', '참기름 1T', '통깨 1/2T', '물 5T']"
12,https://www.youtube.com//watch?v=wBfbHKGntPE,"['두부 한 모(300g)', '팽이버섯 한 봉지', '깻잎 10장', '계란 2개', '소금 두 꼬집', '후추 약간', '간장 2.5T', '올리고당 1T', '식초 1T', '참기름 1T', '다진 청양고추 1T', '통깨']"
13,https://www.youtube.com//watch?v=wp9Wg3juoeQ,"['떡국떡 두 줌(200g)', '청양고추 1개', '홍고추 1/2개', '양파 1/4개', '대파 1/4개', '간장 1.5T', '굴소스1T', '식초1.5T', '설탕 1/2T', '올리고당 1T', '물 2T']"
14,https://www.youtube.com//watch?v=XVJhr6R9K5c,"['순두부1봉', '계란 5개', '양파 1/3개', '청양고추 2개', '간장 100ml (1/2컵)', '물 100ml (1/2컵)', '설탕 1T', '올리고당 2T', '통깨 1T']"
15,https://www.youtube.com//watch?v=jhnCG_xGoEU,"['크래미 3개', '계란 2~3개', '당근 1/2개', '참치 85g (한 줄에 40g)', '깻잎 3개', '김 한 장', '마요네즈 1T', '후추 톡톡', '소금']"
16,https://www.youtube.com//watch?v=wUWZQToL7bs,"['두부 한 모(300g)', '새송이 3개', '양파 1/2개', '청양고추 1개', '참치 작은캔 (85g)', '고추가루 2T', '다진마늘1T', '간장 3T', '올리고당1T', '다시국물 1/2컵 (100ml)', '후추 약간', '참기름 1T', '통깨 1T']"
17,https://www.youtube.com//watch?v=mgEBqUgsmOA,"['두부 1/2모 (150g)', '팽이 1봉지', '계란 3개', '대파 1/2개', '소금 3꼬집', '후추 약간', '배추 8장', '간장 2.5T', '다진마늘 1/2T', '청양고추1T', '올리고당 1T', '참기름 1T', '식초1T', '통깨 1/2T']"
18,https://www.youtube.com//watch?v=l8HnE--HFiU,"['계란 5개', '마늘 4개', '청양고추1개', '대파 1개', '고기 100g', '간장 1T', '굴소스 1/2T', '설탕 1/3T', '소금1/4T', '전분 1/2T', '물 1/2컵 (100ml)']"
19,https://www.youtube.com//watch?v=0obB8mrlDyw,"['두부 1모', '계란 1개', '숙주 두 줌 (150g)', '배추 8-9장', '참치 40g', '후추 약간', '간장2.5T', '올리고당 1T', '다진마늘 1/2T', '다진 청양고추 1T', '식초 1T', '통깨 1/2T', '참기름 1T']"
20,https://www.youtube.com//watch?v=CR0sTDtpftU,"['배추 5장', '두부 1/2모', '계란 2개', '당근 1/2개', '소금 세꼬집, 두꼬집', '간장 1T', '물 1T', '올리고당 1/2T']"
21,https://www.youtube.com//watch?v=Hg78emPTyQ8,"['1', '두부 1/2모', '계란 2개', '카레가루 1.5T', '우유 1/4컵 (50ml)', '대파 초록부분', '굴소스 1/2T', '후추 약간', '2', '두부 한 모', '계란 1개', '카레가루 2T', '소금 한 꼬집']"
22,https://www.youtube.com//watch?v=PDI2kfl105s,"['배추 속대 두 줌 (230~250g)', '떡국떡 200g', '어묵 2장', '양파 1/4', '대파 1/2', '청,홍 고추 1개씩', '간장2T', '굴소스1T', '설탕1/2T', '물2T', '후추 약간']"
23,https://www.youtube.com//watch?v=PyhYEVJJX_8,"['두부 2/3모', '양파1/2개', '계란2개', '스팸 1/2개(100ml)', '대파 초록부분 약간', '간장 1T', '굴소스1T', '올리고당1T', '다진마늘1T', '물1/2컵 (100ml)', '후추 약간']"
24,https://www.youtube.com//watch?v=V2mVG741aZY,"['두부 반 모(150g)', '계란 3개', '참치 50g (4T)', '청양고추 1개', '양파 1/4개', '소금 두꼬집, 두세꼬집', '후추 약간']"
25,https://www.youtube.com//watch?v=--6-yFKgONI,"['1', '두부 300g', '애호박 1/3', '양파 1/3', '계란 1개', '굴소스 1/2', '카레가루 3T', '물 1컵 (200ml)', '2 ', '두부 300', '양파 1/3', '양배추 130-140', '계란2개', '굴소스 1/2T', '커레가루 3T', '물 1컵 (200ml)', '*물 대신 우유를 넣으시면 풍미가 더 깊습니다']"
26,https://www.youtube.com//watch?v=cER72TdsDtM,"['어묵 4장 (200g)', '메추리알 20개(200g)', '대파 초록부분 (선택)', '홍고추 1개', '청양고추2개', '간장 2T', '굴소스 1T', '다진마늘1T', '올리고당1T', '물 1/2컵(100ml)', '참기름1T', '통깨1T']"
27,https://www.youtube.com//watch?v=Qv8fDzWOgGI,"['배추 12장', '두부 한 모(300g)', '계란 3개', '소금 두 세 꼬집', '후추 약간', '깻잎 2장', '참치캔 100g', '된장 1.5T', '고추장 1T', '다진마늘 1T', '올리고당 2/3T (조절)', '참기름 1T', '통깨 또는 갈은깨']"
28,https://www.youtube.com//watch?v=69RILLNHMqQ,"['배추 3장 (200g)', '계란 3개', '양파 1/2개', '대파 1/2개', '소금 1/4T']"
29,https://www.youtube.com//watch?v=6BuEbpP7ov8,"['배추 2장 150g', '크래미 3개', '계란 2개', '양파 1/3', '간장 1T', '굴소스 2/3T', '물 1/2컵 (100ml)', '후추 약간']"
30,https://www.youtube.com//watch?v=-h_-UbhlGsk,"['배추 12장', '팽이버섯 1봉', '두부1모', '간장 2.5T', '다진마늘 1/2T', '다진청양고추 1T', '올리고당 1T', '참기름 1T', '식초1T', '통깨 1/2T']"
31,https://www.youtube.com//watch?v=rwjAsOnZ-1o,"['두부 한 모(300g)', '계란 2개', '양파 1/2개', '대파1/3', '청양고추 1개', '간장 3T', '설탕1/2T', '다진마늘1T', '후추 약간', '물 1/2컵 (100ml)', '참기름1T']"
32,https://www.youtube.com//watch?v=_Q8JI_7n8_8,"['두부 1/2모 (150g)', '계란2개', '숙주 두 줌(180- 200g)', '양파 1/2', '참치 2~3T', '굴소스 1T (조절)', '청양고추 1개', '소금 1/4t', '후추 약간']"
33,https://www.youtube.com//watch?v=94JDyMSNgfQ,"['큰 고구마 1개(200g)', '어묵 4장(200g)', '양파 1/3', '간장2T', '올리고당 1T (추가 1/2~1T)', '후추 약간', '다진마늘 1/2T', '물 1/2컵 (100ml)']"
34,https://www.youtube.com//watch?v=61CMAe6wFDQ,"['팽이버섯 한 봉지', '계란 2개', '대파 1개', '식용유 1T', '들기름 1T', '간장 1T']"
35,https://www.youtube.com//watch?v=GJeLkAjj84I,"['고구마 200g (중간 1개)', '계란 2개', '양파1/4', '쪽파 3쪽', '소금 두꼬집']"
36,https://www.youtube.com//watch?v=xvxdXDrwYSg,"['팽이버섯 한 봉지', '계란2개', '대파1/3', '소금1/3t', '후추 톡톡톡', '간장1T', '참기름1/2T']"
37,https://www.youtube.com//watch?v=VWelgG-g5dI,"['두부 한 모(300g)', '계란3개', '대파1/2개', '청양고추 1개', '다진마늘 1T', '간장1T', '굴소스1T', '고추장1/2T', '올리고당1T', '후추 약간', '물 1/3컵 (+추가)', '참기름1/2T', '통깨1T']"
38,https://www.youtube.com//watch?v=eeXf-16U6_s,"['작은 고구마 2개', '사과 1/2개 (100g)', '요거트 90g', '꿀 1T', '볶은 견과류', '*샌드위치에 넣어 드신다면 소금,후추로 간을 하셔도 좋습니다']"
39,https://www.youtube.com//watch?v=C-OpsgMPc3Y,"['계란3개', '김3장', '마른당면 40g', '대파 약간', '소금 한꼬집', '간장1t', '참기름1t', '설탕1t', '* 마른당면 40g은 미리 30분 정도 불려서 사용해 주세요']"
40,https://www.youtube.com//watch?v=C7hykzhrX8w,"['두부 한 모 (300g)', '팽이버섯 한봉지', '계란1개', '대파1/3', '간장3T', '설탕1T', '후추 약간', '물 100ml (1/2컵)', '*간장 1T대신 굴소스 1/2T 넣으시면 더 감칠맛 있어요']"
41,https://www.youtube.com//watch?v=-aTwUUUqjuU,"['*간장 1T 대신 굴소스 1/2T 넣으시면 더 감칠맛 있어요', '계란 4개', '양파 1/3', '대파 1/3', '간장2T', '설탕1/2T', '다진마늘1/2T', '참기름1T', '후추 약간', '물 1/2컵 (100ml)']"
42,https://www.youtube.com//watch?v=ff_SyyocAfs,"['새송이버섯 3개', '대파 초록부분', '마늘 6-7개', '전분', '간장3T', '올리고당1T', '물2T', '맛술2T', '후추 약간']"
43,https://www.youtube.com//watch?v=ddPBE5IMmig,"['참치 한 캔 (150g~200g)', '깻잎 12장 (두 묶음)', '양파 1/2개', '청양고추 1개', '간장1T', '올리고당1/2T', '고춧가루1T', '참기름1T', '통깨 1/2T']"
44,https://www.youtube.com//watch?v=G2SwAacRQCM,"['달걀 5개', '양파 1/4개', '대파 2~3T', '물 1컵(200ml)', '간장 1/3+1T (80g)', '설탕1T', '육수용멸치 5~6개', '* 노른자가 터질것이 우려되신다면 뚜껑을 닫고 흰 막이 생기도록 약불에서 익혀주세요', '❗️종이컵 (180ml) 기준 ', '간장 1/3컵 +1T (80g)', '물 1컵 + 1T (200ml)']"
45,https://www.youtube.com//watch?v=LH5DyJ0o_ew,"['두부 한 모(300g)', '달걀 5개', '소금 1/3t', '식초1T', '대파 1/2', '청양고추 1~2개', '간장2T', '굴소스2T', '올리고당1.5T', '고추가루 1T', '다진마늘1/2T', '후추 약간']"
46,https://www.youtube.com//watch?v=eAybpNUF1J0,"['가지 2개', '대파 1/2개', '소금 두꼬집', '(들기름)', '고추장1T', '간장1T', '올리고당1T', '다진마늘1T', '참기름1/2T', '통깨']"
47,https://www.youtube.com//watch?v=E9S5r6B0sqM,"['두부 한 모(300g)', '계란1개', '소금 한꼬집', '후추 약간', '팽이버섯 한봉지', '(청양고추 1개)', '다진마늘1T', '간장2T', '굴소스1/2T', '올리고당1T', '후추 약간', '물 3T']"
48,https://www.youtube.com//watch?v=1TM-quRwubU,"['깻잎 15장', '오징어 두마리', '두부 한 모(300g)', '양파 1/2개', '대파 1/2개', '청양고추2개', '계란 2개', '맛술 1T', '참기름1T', '후추 약간', '액젓1T', '소금 두꼬집', '부침가루(밀가루) 2T']"
49,https://www.youtube.com//watch?v=-uqWBNSvwh0,"['연근 200g', '어묵 3장 (150g)', '청양고추 1개', '대파 1/3', '다진마늘 1T', '간장1T', '굴소스1T (간장 대체가능)', '맛술 2T', '올리고당2T', '참기름1T', '통깨 1T', '(물 2~3T)']"
50,https://www.youtube.com//watch?v=ILFtCTAzO74,"['두부 한 모(300g)', '깻잎 12장', '참치 한 캔(100g) ', '양파 1/2개', '계란2개', '라이스페이퍼 12장', '굴소스1T', '참기름1/2T', '후추 약간']"
51,https://www.youtube.com//watch?v=rSe97pHJWn8,"['두부 한 모(300g)', '팽이버섯 1팩', '대파 2T', '청양고추 2개 (1T)', '간장 4T', '다진마늘 1T', '식초 2T', '깨소금 1T', '참기름 1/2T', '올리고당 1T']"
52,https://www.youtube.com//watch?v=Z_mpRARSkss,"['계란 11개 (식초 1T, 소금 1/2T)', '청양고추 홍고추 1개씩 (선택)', '양파1/2개', '대파 1개', '물 300ml', '간장 150ml', '참치액 2T (또는 멸치액젓)', '맛술2T', '설탕4T', '다진마늘 1T', '통깨 1T']"
53,https://www.youtube.com//watch?v=AVSrqpqjqAg,"['두부 한 모(300g) - 소금 후추 약간', '계란3개', '대파 1개', '청양고추2개', '마늘 4개', '물 3T', '간장 1T', '굴소스 1T', '올리고당 1T (조절)', '통깨 1T']"
54,https://www.youtube.com//watch?v=pWSarhlRsYE,"['두부 두 모 (600g)', '메추리알 300g', '양파 1개', '대파1/2', '청양고추2 홍고추1', '간장 150ml + 국간장(또는 참치액) 2T', '물 300ml', '올리고당 3-4T(조절)', '맛술2T', '다진마늘 1T', '통깨1T']"
55,https://www.youtube.com//watch?v=3M81xALrR3w,"['부추 한 줌 (100-120g)', '두부 한 모 (300g)', '달걀 2-3개', '소금 1t', '후추 약간']"
56,https://www.youtube.com//watch?v=bBhFQh71-Jk,"['크래미 4-5개', '계란 2개', '양파 1/2', '대파 1/2', '간장 1T', '굴소스 1T', '설탕 1/2t', '맛술 2T', '물 5T', '후추 약간']"
57,https://www.youtube.com//watch?v=AhlrlnyHl2Q,"['감자 2개 (중간크기)', '우유 또는 물 2~3T', '모짜렐라치즈 70g']"
58,https://www.youtube.com//watch?v=vwlCmVii7Es,"['순두부 한 팩', '팽이버섯 한봉지', '달걀 2~3개', '대파1/3', '다진마늘1T', '간장2T', '굴소스1T', '물2T', '설탕1t', '참기름1T']"
59,https://www.youtube.com//watch?v=22pEtTXbCis,"['감자 2개', '어묵3장', '양파 1/4', '대파 1/3', '청양고추 2개', '다진마늘 1T', '고추기름 2T', '간장 1.5T', '굴소스 1T', '후추 약간']"
60,https://www.youtube.com//watch?v=9uMGg2PjX5s,"['두부 한 모 (500g)', '달걀 2개', '신김치 4장', '참기름, 설탕, 통깨 각각 1/2T씩', '대파 1/3', '다진마늘 1/2T', '간장2T', '참기름 1T', '김밥김 4장', '밥 2공기 (식단에 따라 조절)', '참기름1T, 소금 1t, 통깨 1T']"
61,https://www.youtube.com//watch?v=Jvoxy7n_ftI,"['두부 1/2모', '달걀 2개', '대파 1/2', '소금 두꼬집', '후추 약간']"
62,https://www.youtube.com//watch?v=RKI5fmGz5sk,"['두부 한 모', '애호박 1/3', '양파 1/2', '대파 1/2', '간장 1', '된장 2', '올리고당1', '후추 약간', '참기름 1', '다진마늘 1', '전분2', '물3', '된장의 염도에 따라 단 맛은 가감해 주세요!']"
63,https://www.youtube.com//watch?v=6MnUavdOvhA,"['팽이버섯 한봉지', '양파1/2', '대파 1/3', '간장2', '굴소스1/2', '후추 약간', '설탕 1/2', '물 3', '맛술 1', '계란1']"
64,https://www.youtube.com//watch?v=-O3Yxb1wGuQ,"['양배추 200g', '계란4개', '소금1/2T', '식초 1T', '소금 후추 한꼬집 씩', '홀그레인 머스터드 1T', '마요네즈 2~3T', '(레몬즙 3~4방울)']"
65,https://www.youtube.com//watch?v=z69wXD9m5u8,"['두부1/2모', '부추 한 컵', '달걀 3개', '소금 두꼬집', '굴소스1T']"
66,https://www.youtube.com//watch?v=t5F3aEv1RJk,"['팽이버섯 2봉지', '깻잎 12장', '맛살 4개', '달걀 3개', '소금 1t', '후추 약간']"
67,https://www.youtube.com//watch?v=EHAsKWILpXo,"['애호박1개', '두부 2/3', '양파1/2', '대파1개', '청양고추1~2개', '다진마늘1/2T', '들기름 2T (식용유 대체가능)]', '새우젓1T (추가)', '멸치다시육수 500ml']"
68,https://www.youtube.com//watch?v=VUwqlyIhGas,"['두부 300g', '깻잎 13장', '계란2개', '소금 1t', '식용유']"
69,https://www.youtube.com//watch?v=C33K_zZ5qzU,"['애호박 1/2', '두부 300g', '양파1/2', '대파1/2', '청양고추 2', '참치 150g', '들기름 2T (식용유 대체가능)', '간장3T', '고춧가루1.5T', '설탕1/2T', '다진마늘 1T', '고추장1.5T']"
70,https://www.youtube.com//watch?v=geAO8VJA_54,"['김치 2컵', '계란2개', '후추 약간', '대파 흰부분 1/2, 초록부분 1/2', '새우젓 1t', '멸치다시육수 5컵']"
71,https://www.youtube.com//watch?v=wdRWUwfMHAI,"['가지2개', '소금1/2T', '홍,청고추 1개씩', '청양고추 1개', '대파 1개', '다진마늘 1T', '전분 2T', '간장2T', '굴소스1T', '올리고당1T', '설탕1/2T', '매실청1T', '물 반컵(100ml)']"
72,https://www.youtube.com//watch?v=dPa3YezMXVo,"['새송이버섯 3개', '마늘 20개 (70g)', '소금 1/2t', '간장1T', '굴소스1T', '후추 약간', '참기름1T', '통깨 1T']"
73,https://www.youtube.com//watch?v=ajDo3B8vWY4,"['감자 1개', '양파 1/2개', '청양고추 1개', '새우 10개', '간장 1', '굴소스 1/2', '청주2', '물 4~5', '후추 약간', '들기름1', '통깨 1']"
74,https://www.youtube.com//watch?v=nyLnZmLKIVM,"['가지 2개', '청양고추 2', '홍고추 1', '계란 2', '다진마늘 1', '간장 2', '굴소스 1', '고추장 1/2', '후추 약간', '물 반컵']"
75,https://www.youtube.com//watch?v=nhiKb-8lvTI,"['브로콜리 한 줌 (150g)', '양파 1/2', '계란3개', '소금 1작은숟']"
76,https://www.youtube.com//watch?v=_54Vg8FsK-o,"['양배추 200g', '계란3개(작은크기)', '참치캔 한개 (작은캔)', '소금 1t, 한꼬집', '후추 약간']"
77,https://www.youtube.com//watch?v=b6ROHdY5Ifk,"['두부 한 모(300g)', '황태 한줌 (25g)', '양파 1/2 (선택사항)', '대파 2/3 (선택사항)', '청양고추 1개 (선택사항)', '간장1T', '맛술1T (선택사항)', '설탕1T (덜 달게 드신다면 1/2T)', '고추가루 2T', '다진마늘 1T', '고추장 1/2T', '* 설탕은 입맛에 따라 가감해주세요. 양파에서 단맛이 나와서 마지막에 맛을 보시고 설탕을 추가해주셔도 좋습니다']"
78,https://www.youtube.com//watch?v=MdS7Q3yWVLE,"['애호박 1개', '계란 3개', '소금 1t, 두꼬집(조절)', '양파 1/4 (선택사항)', '체다치즈 1개', '모짜렐라치즈']"
79,https://www.youtube.com//watch?v=LRNsOAa6XxI,"['양파 1개', '참치 작은캔 1개', '대파 1/3 (선택사항)', '청양고추 1개 (선택사항)', '간장2T (싱겁게 드시면 1T)', '마늘1T ', '맛술 또는 미림1T', '고추가루1T']"
80,https://www.youtube.com//watch?v=gmTAMs5ofHc,"['애호박 1개', '참치 작은캔 (80g)', '대파 1/3', '소금 1작은숟', '간장1숟']"
81,https://www.youtube.com//watch?v=SmVwLwJ7HQY,"['두부 2/3모', '부추 50g 한 줌', '계란2개', '국간장 1작은숟 (또는 소금 1 작은숟)', '참기름 1작은숟']"
82,https://www.youtube.com//watch?v=nUsjkhB15X8,"['양파 3개 ', '당면 100g', '쪽파 3쪽', '청양고추 2개', '간장 5숟', '올리고당1숟', '고춧가루1숟', '후추 약간', '참기름1숟', '통깨1숟']"
83,https://www.youtube.com//watch?v=t5smiDhDB_s,"['김치 한 컵 (종이컵, 100g)', '계란 2~3개', '두부 한 모 (300g)', '대파 1/3', '굴소스 1숟']"
84,https://www.youtube.com//watch?v=CqcO9WWow30,"['오이 1개', '계란 3개', '양파(작은) 1개', '청양고추 2개', '소금 1 작은숟', '후추 약간']"
85,https://www.youtube.com//watch?v=p9iP_nrmTCA,"['애호박 1개', '계란4개', '소금1/2작은숟', '간장2숟', '올리고당1숟', '참기름1숟', '청양고추1개', '다진마늘1/2숟', '후추 약간', '통깨 약간']"
86,https://www.youtube.com//watch?v=qZ2Isib-yag,"['두부 2/3모 (또는 한 모 300g)', '오이 1/2개', '양파 1/4개', '크래미 4개', '간장2숟', '식초2숟', '설탕2숟', '물2숟', '참기름1/2숟', '연겨자1/2숟 (입맛에 따라 가감)']"
87,https://www.youtube.com//watch?v=mnHjcXWlPyw,"['깻잎 12장', '어묵 3장 (200g)', '양파 1/2개', '계란 2개', '소금 1/2 작은숟', '후추 약간', '초간장)', '간장 2숟', '식초1숟', '물엿1숟', '다진 청양고추1숟', '통깨 약간']"
88,https://www.youtube.com//watch?v=u_TfPZqUhno,"['콩나물 한 줌(국그릇 가득)', '신김치 3~4장', '밥 한 공기', '양파 1/2개', '들기름 1숟', '고추장 1/2숟', '굴소스1숟', '올리고당 (또는 설탕) 1/2숟']"
89,https://www.youtube.com//watch?v=DuqDsoYWpas,"['두부 300g', '참치 작은캔', '양파 1/2', '애호박 1/2', '청양고추 2개', '물 2컵 반(500ml) 또는 육수', '된장 3숟', '고춧가루1숟', '다진마늘 1숟']"
90,https://www.youtube.com//watch?v=SQkxivxd5ug,"['배추 5장', '계란 2개', '쪽파 ', '다진마늘 1숟', '굴소스 1숟', '올리고당1/3숟', '참기름1/2숟', '통깨1숟']"
91,https://www.youtube.com//watch?v=55AIpvljcEs,"['신김치 국그릇 가득', '어묵 3장', '대파 1/2', '설탕 1/2숟 (집 김치에 맞게 가감)', '김칫국물 1/2컵 (종이컵, 집 김치에 맞게 가감)', '청양고추 1개 (선택사항)', '마른당면 50g (선택사항)', '*당면은 찬물에 20분간 불려서 사용해 주세요']"
92,https://www.youtube.com//watch?v=vaJzurWMzRE,"['마른당면 80~100g (한 줌)', '계란3개', '소금1/3작은숟', '대파 1/2', '물 4컵 (800ml)', '멸치육수팩 1개', '국간장 1숟', '다진마늘 1/2숟', '맛술 2숟', '소금1/2숟 ( 간을 보시면서 조절)']"
93,https://www.youtube.com//watch?v=r1ijYDO6GP8,"['감자 2개 (300g)', '양파 1개 ', '소금 한꼬집', '후추 약간', '소금 1/3작은숟', '모짜렐라치즈']"
94,https://www.youtube.com//watch?v=56FGigHGhds,[' ']
95,https://www.youtube.com//watch?v=s6U8wNI7c6E,"['두부 반 모 (150g)', '참치 작은캔 1개 ', '소금 1/2 작은숟', '후추 약간', '부추 한 줌 (또는 파,쪽파,깻잎 등)']"
96,https://www.youtube.com//watch?v=vg7WthiTRDI,"['감자 2개 (300g)', '양파 1/2개 (큰)', '간장 3숟', '고춧가루2숟', '물 2슫', '설탕 1숟', '다진마늘 1숟', '올리고당 1숟', '(참기름 1숟)', '(쪽파 3쪽)']"
97,https://www.youtube.com//watch?v=68PwnICoWso,"['일반김 4장', '계란2개', '당근 2숟', '쪽파 3쪽', '소금 1/2 작은숟']"
98,https://www.youtube.com//watch?v=JQdfmwMEYq0,"['배추 3장', '두부 한 모(300g)', '다진고기 100g ', '물 한 컵 반 (350ml)', '대파 1/3', '두반장 1숟', '굴소스 1숟', '간장1숟', '고춧가루1숟', '물4숟', '전분2숟', '*영상 다진고기는 삼겹살 한 줄을 사용하였습니다', '*전분 넣고 졸이실때 간을 보시고 부족한 간은 굴소스를 추가하여 맞춰주세요']"
99,https://www.youtube.com//watch?v=HZOWu3Kp_Nc,"['숙주 200g', '크래미 4-5개', '계란2개', '대파 1/3개', '다진마늘 1숟', '간장1숟', '굴소스2숟', '참기름 1/2숟', '맛술 1숟', '후추 약간']"
100,https://www.youtube.com//watch?v=hGWMYsbG5TA,"['두부 한 모(300g)', '마른당면 50g (500원 동전의 1/2)', '깻잎 20장', '대파 1/3', '다진마늘 1숟', '고추장 1숟', '고춧가루 1숟', '간장 1숟', '굴소스1숟', '맛술1숟 (생략가능)', '후추 약간', '물 한 컵 (종이컵 기준)']"
101,https://www.youtube.com//watch?v=4B9njQfVJkc,"['두부 한 모(300g)', '스팸 작은캔(200g)', '양파 1개', '대파 1/3', '청양고추 2개 (선택사항)', '다진마늘 1숟', '된장 1숟', '쌈장 1숟', '고춧가루 1숟(선택사항)', '물 2/3컵 (150ml)']"
102,https://www.youtube.com//watch?v=tI-s2kkROwI,"['부추 두줌', '계란3개', '소금1/2작은숟', '당면 한줌', '굴소스1숟', '참기름1/2숟', '소금1/3작은숟', '라이스페이퍼 8~9장']"
103,https://www.youtube.com//watch?v=c1_fWoknZ-I,"['어묵 4장 (200g)', '깻잎 25장 ', '양파 1/2', '간장2숟', '고춧가루1숟', '다진마늘1/2숟', '올리고당1숟', '참기름1/2숟', '물1/3컵 (종이컵)', '통깨 1숟', '후추 톡톡 (마지막)']"
104,https://www.youtube.com//watch?v=rTvBTvFXdHE,[' ']
105,https://www.youtube.com//watch?v=fy-hau1ZEJg,"['두부 한 모 (300g)', '참치 작은캔', '대파 1/2', '다진마늘 1숟', '간장 1숟', '굴소스 2숟', '올리고당 1숟', '고춧가루 1숟', '고추장 1/2숟', '후추 약간']"
106,https://www.youtube.com//watch?v=aMCFDx4IheM,"['김 5장', '계란 3개', '쪽파 3쪽', '소금 1/3 작은숟', '후추 약간', '간장 1 숟', '참기름 1 작은숟', '올리브유 1숟', '*김을 물에 풀어주셔야 식감이 부드럽습니다', '*밥반찬우로 드실땐 집어 드시기 편하게 적당한 크기로 으깨주세요']"
107,https://www.youtube.com//watch?v=b7X4rpd-nyM,"['큰 양파 1개 ', '계란 3개', '소금 2꼬집', '고추 2개', '다진마늘 1숟', '간장 2숟', '고춧가루1숟', '굴소스1숟', '후추 약간', '물 2숟 (또는 맛술 2숟)', '올리고당 1/3숟 (선택사항)', '*양파가 들어가 단 맛이 있기 때문에 올리고당은 생략하셔도 되고 넣으셔도 됩니다  (양념에 넣어주세요)']"
108,https://www.youtube.com//watch?v=tgXjEO7qwzk,"['참치 작은 캔 (100g)', '계란 3개', '마른당면 50g', '대파 1개', '청양고추 2개(선택사항)', '소금 1작은숟 (또는 간장 1숟)', '참기름 1숟', '설탕1/2숟', '후추 2꼬집']"
109,https://www.youtube.com//watch?v=GfJy8Xcb5kQ,"['두부 한 모 (300g)', '참치 1캔 (작은캔 100g, 중간 사이즈 특대 사이즈도 가능)', '대파 1개', '양파 1/2개', '멸치육수 200ml', '청양고추 2개', '된장 1 숟', '고추장 1숟', '고춧가루 1숟', '다진마늘 1/2숟', '참기름 1/2숟', '올리고당 1/3숟 (또는 설탕)', '* 마지막으로 두부를 넣고 끓이시다가 간을 보시고 된장을 추가하셔도 좋아요 (1T 정도, 짭조롬하게 쌈채소에 올려 드실 경우)']"
110,https://www.youtube.com//watch?v=tBbml16_vic,"['두부 한 모 300g', '대파 1/2', '계란 3개', '양파 1/2개', '소금 1 작은숟', '후추 약건', '체다치즈', '모짜렐라치즈', '토마토소스', '*충분히 팬이 달궈지면 반죽을 부어주시고, 처음은 중불에서 반죽이 부풀어 오르듯이 익혀주시다가 밑면이 타지 않게 약불로 줄여 노릇노릇 익혀주세요']"
111,https://www.youtube.com//watch?v=8n38Nhb37FQ,"['두부 한 모 (500g)', '계란 1개', '소금 1/3 작은숟', '맛술 1 작은숟 (선택사항)', '홍고추 2개 (선택사항)', '청양고추 2개 (선택사항)', '마늘 4-5개', '간장 1숟', '굴소스 1/2숟', '고추장 1숟', '올리고당 2숟 (조절)', '물 3숟', '참기름 1숟', '통깨 1숟']"
112,https://www.youtube.com//watch?v=PAUsmRojs4c,"['중멸치 100g (4컵)', '일반김 5장', '마늘 4~5개', '간장 1숟', '고추장 3숟', '설탕 1숟', '맛술 2숟', '올리고당 3숟', '통깨 1숟', '식용유 2~3숟']"
113,https://www.youtube.com//watch?v=cS1lZcKzBfA,"['어묵 3장', '떡국떡 크게 한 줌 (200g)', '양파 1/2', '대파 1/3', '홍고추 청고추 1개씩', '다진마늘 1/2숟', '간장 1.5숟', '굴소스 1숟', '올리고당 1숟', '참기름 1숟', '통깨 1숟']"
114,https://www.youtube.com//watch?v=Anp8hcwEyDM,[' ']
115,https://www.youtube.com//watch?v=JZGeDADA92s,"['두부 반 모(150g)', '참치 100g', '계란 3개', '양파 2숟', '청양고추 1숟 ', '깻잎 4장', '김2장', '소금 약간', '후추 약간', '마요네즈']"
116,https://www.youtube.com//watch?v=sYPKYRnW--c,"['배추 300g', '어묵 3장 200g', '당면 150g', '쪽파 6줄기', '다진마늘 1숟', '소금 2꼬집', '참기름 2 숟', '통깨 1숟', '간장 4숟', '굴소스 1숟(크게)', '올리고당 2숟', '설탕 1/2숟', '물 3컵 (300ml)']"
117,https://www.youtube.com//watch?v=PDmWUGtGhl0,"['묵은지 4-5장', '두부 한 모 (300g)', '달걀 2개', '깻잎 2장 (선택사항)', '쪽파 2줄기 (선택사항, 부추 또는 파 대체가능)', '소금 약간', '후추 약간']"
118,https://www.youtube.com//watch?v=a_UQ7JUywmY,"['팽이버섯 1봉', '계란 2개', '홍고추 1개', '청양고추 1개', '대파 20g ', '소금 1/3 작은숟', '올리브유']"
119,https://www.youtube.com//watch?v=iw2V8S3BA7k,"['콩나물 200g', '두부 한 모 300g', '양파 1/2개', '큰 대파 1개', '참기름 1숟', '통깨 1숟', '후추 약간', '다진마늘 1숟', '간장 4숟', '올리고당 1.5숟', '맛술 2숟 (생략가능)', '고춧가루 2숟', '멸치육수(또는 물) 2/3컵', '전분1숟', '물 2숟', '* 두부에 소금 약간 뿌리고 5~10분 정도 두고 부쳐주세요', '* 굴소스 또는 액젓 약간 넣어주시면 감칠맛이 더 있어요 (선택사항)']"
120,https://www.youtube.com//watch?v=g6gKWO4-46s,"['두부 한 모(300g)', '계란 1개', '다진쪽파 1T', '다진당근 1T', '게맛살 2T', '떡국떡 5개', '소금 1/2 작은숟', '후추 약간', '올리브유']"
121,https://www.youtube.com//watch?v=NOFizFQq0Rc,"['묵은지 양념', '묵은지 3장', '참기름 1숟', '통깨', '어묵 양념', '어묵 4장', '간장 3숟', '고춧가루 1/2숟', '맛술 2 숟 (생략가능. 물 2숟으로 대체)', '올리고당 1/2숟', '참기름 1/2숟', '다진마늘 1/2숟', '밥양념', '참기름 1숟', '통깨 1숟', '*선택사항', '겨자소스 양념', '연겨자 1/3 숟', '올리고당 1숟', '간장 1숟', '식초 1/2숟', '허니머스터드소스 1/2숟 (생략가능)', '물 1숟', '* 묵은지는 씻어서 물기를 꼭 짜서 사용해 주세요. 묵은지가 많이 신 경우 설탕 양념을 버무릴 때 설탕 1/2숟 정도 넣어주세요', '* 김은 거친면이 위로, 세로로 놓고 말아주세요']"
122,https://www.youtube.com//watch?v=iefZVaMBVco,"['떡국떡 200g (2컵)', '김치 150g (1컵)', '양파 1/2개', '대파 1/3', '참기름 1/2숟', '통깨 1숟', '고춧가루 2숟(조절가능)', '고추장 1숟', '올리고당 2숟 (고추장이 단 경우, 양을 줄여주세요)', '맛술 2숟 (생략가능)', '간장 또는 굴소스 2/3숟', '다진마늘 1/2숟', '참기름 1숟', '물 2/3컵', '* 입맛에 맞게 소세지, 어묵 등을 추가하셔도 좋아요', '* 떡국떡이 서로 붙어있다면, 냄비에 넣기 전에 물에 가볍게 헹군 후 넣어주세요']"
123,https://www.youtube.com//watch?v=fvu7gnsbLzc,"['어묵 3장', '묵은지 1/4 포기', '당면 140g', '양파 1/2', '쪽파 4개 (또는 채썬 파)', '간장 3T', '굴소스 1T', '올리고당 2T', '설탕 1T', '참기름 2T', '물 300ml (종이컵 3컵)', '통깨', '*당면은 찬물에서 30분 이상 불려 준비해주세요']"
124,https://www.youtube.com//watch?v=4K1aJ-DWedg,"['두부 한 모 (300g)', '쪽파 5개', '오징어 80g', '계란 1개', '소금 1/3 작은숟', '올리브유', '* 오징어대신 새우,바지락살,홍합 등으로 대체하셔도 좋습니다']"
125,https://www.youtube.com//watch?v=5U74DkEtLJ0,"['떡국떡 150g (30개)', '계란 2개', '양파 1/2개', '작은 베이컨 2~3줄(생략가능)', '올리브유 1숟', '버터 1숟', '소금 ', '후추 넉넉히', '굴소스 1/2숟 (생략가능)', '* 떡과 계란의 비율이 1:1이 적당하고, 떡의 비율이 많으면 맛이 떨어져요', '소금과 후추간 하셔서 드셔도 좋지만 굴소스 조금 넣어주시면 감칠맛이 있어요']"
126,https://www.youtube.com//watch?v=sndAcJCS3rc,"['무 300g', '계란 2개', '쪽파 4~5개', '소금 1 작은숟', '후추 약간', '올리브유']"
127,https://www.youtube.com//watch?v=MVi9bn4YV8Q,"['두부 한 모 (300g)', '김치 1/2컵', '양파 1/4', '청양고추 1개 (생략가능)', '홍고추 1/2개 (생략가능)', '토마토소스(스파게티소스) 4숟', '모짜렐라치즈', '올리브유', '고춧가루 1/2 숟', '설탕 1/2숟', '참기름 1/2숟']"
128,https://www.youtube.com//watch?v=jfAEa_h1aCA,"['떡국떡 한 줌 (약 25개)', '계란 2개', '당근', '대파 또는 쪽파', '소금 한꼬집', '올리브유']"
129,https://www.youtube.com//watch?v=6822lgG9u38,"['숙주 300g', '대패 삼겹살 250~300g', '양파 1/2개', '대파 1개', '식용유 1숟', '간장 3 숟', '굴소스 2숟', '올리고당 2 숟', '맛술 3 숟', '고춧가루 2숟', '다진마늘 1/2 숟']"
130,https://www.youtube.com//watch?v=8WzXag72leM,"['작은 양배추 1/4 (200g)', '계란 3개', '양파 1/2', '대파 1/2', '소금 1/3 숟', '슬라이스 햄 두 장', '치즈 한 장 ', '딸기잼 1 숟']"
131,https://www.youtube.com//watch?v=018CjxO7um4,"['두부 반 모(150g)', '계란 3개', '대파 1/3', '소금 1/3 숟']"
132,https://www.youtube.com//watch?v=AqvSYGdRnBs,"['두부 한 모 (300g)', '양파 1/2개', '대파 1/3', '청양고추 1개', '홍고추 1/2개', '식용유 1 숟', '된장 3 숟', '고추장 1숟', '올리고당 1숟', '다진마늘 1 숟', '고춧가루1 숟', '물 2/3컵']"
133,https://www.youtube.com//watch?v=A7-vewly8xc,"['단무지 260g', '대파 1/3', '맛살 7개', '김밥김 4장', '고춧가루 1 숟', '올리고당 1/2 숟', '참기름 1숟', '통깨 1숟', '밥 2인분 400g', '참기름 1 숟', '통깨 1숟', '소금 약간']"
134,https://www.youtube.com//watch?v=64hYghMM5fk,"['두부 300g', '김치 4~5장', '대파 1/2', '참치 80g (작은캔)', '당면 한 줌 (생략가능)', '다진마늘 1/2 숟가락', '라이스페이퍼 10장', '식용유', '굴소스 1 숟가락', '참기름 1 숟가락', '후추 약간']"
135,https://www.youtube.com//watch?v=k6M6CUcAaoE,"['콩나물 300g', '당면 100g', '어묵 2장', '양파 1/2', '당근 약간', '쪽파 10 뿌리', '소금 약간', '통깨 1숟', '고추기름 2 숟', '다진마늘 1숟', '진간장 4숟', '올리고당 3숟', '굴소스 1/2숟', '물 1/3컵', '후추 약간', '*콩나물과 당면의 양은 선호하시는 재료에 따라 가감해 주세요', '* 고추기름대신 식용유를 사용하셔도 되고, 약간 매콤하게 드시고 싶다면 콩나물 넣고 볶으실 때 고춧가루를 넣어주세요']"
136,https://www.youtube.com//watch?v=ZBH4-djoQoY,"['묵은지 6장', '참치 100g', '들기름 1/2숟', '설탕 1/2숟', '마요네즈 2숟', '후추 약간', '밥 한공기', '들기름 1숟', '소금 1~2꼬집', '통깨 1숟', '청양고추 1개 (선택사항)']"
137,https://www.youtube.com//watch?v=qK3py5xt6Oc,"['두부 300g', '숙주 250g', '계란 1개', '후추 소금 약간', '대파 1개', '청양고추 1개', '마늘 4개', '통깨 1숟', '참기름 1숟', '간장 1숟', '굴소스1숟', '올리고당 1숟 (입맛에 따라 생략가능)', '후추', '소금', '*부족한 간은 마지막에 후추 소금으로 맞춰주세요', '* 조금 달게 드시고 싶다면 올리고당을 넣으시고 달게 드시는걸 안좋아하시면 생략하셔도 좋습니다']"
138,https://www.youtube.com//watch?v=9YkRyKMjAL0,"['배추 8장', '계란 4개', '대파 1/2', '소금 약간', '식용유', '간장 2 숟', '꿀 또는 올리고당 1숟', '참기름 1숟', '다진마늘 1/2숟', '청양고추 1숟']"
139,https://www.youtube.com//watch?v=U3Cc1vJ5b5w,"['묵은지 1컵 반', '계란 3개', '대파 1개', '들기름 1숟', '참치 3숟', '식용유', '*참치는 생략하시고 묵은지만 볶으셔도 맛있답니다']"
140,https://www.youtube.com//watch?v=IgJikhPhNG8,"['콩나물 250g', '일반김 8장', '고춧가루 1 숟', '다진마늘 1/2 숟', '다진파 2 숟', '간장 2 숟', '물엿 1 숟', '참기름 1 숟', '(소금 약간)', '통깨 1숟']"
141,https://www.youtube.com//watch?v=jenDETSgvz4,"['콩나물 300g', '어묵 3장', '양파 1/2', '대파 1개', '간장 2숟', '간마늘 1숟', '고춧가루 2숟', '굴소스 1숟', '올리고당 1.5숟', '고추장 1숟', '후추 약간']"
142,https://www.youtube.com//watch?v=3YIlYohnEDg,"['찌개두부 1모 (300g)', '계란 3개', '대파 1/2', '양파 1/4', '김치 1컵 (종이컵 가득)', '참기름 1/2 숟', '국간장 1 숟', '멸치다시마육수 300ml']"
143,https://www.youtube.com//watch?v=K6DiokU9XSA,"['두부 1모 (300g)', '배추 5장', '대파 1/3', '간마늘 1 숟', '식용유', '계란 1개', '간장 또는 굴소스 1숟', '참기름 1숟', '후추 약간', '* 배추를 찜기에 찐 후, 물에 가볍게 헹궈 열을 식히고 물을 짜주세요', '* 두부소 간을 맞출 때, 입맛에 맞게 조미료를 가감해 주세요', '* 다른 채소나 고기 등을 추가하여 드셔도 좋습니다']"
144,https://www.youtube.com//watch?v=lz4IkN8fKkY,"['두부 1모 (500g)', '참치 150g', '양파 1/2 ', '대파 1개', '김치 1컵 (종이컵)', '간장 2 숟', '고춧가루 1숟', '고추장 1숟', '간마늘 1숟', '올리고당 1숟(또는 설탕 1/2숟)', '후추 약간', '참기름 1/2숟']"
145,https://www.youtube.com//watch?v=XOZj-bndoh4,"['알배추 반포기', '홍고추 1/2', '청고추 1개', '식초 1 숟가락', '대파 1/3', '마늘 4개', '간장 3 숟', '식초 4 숟', '굴소스 2 숟', '설탕 2 숟', '참기름 1 숟', '물 3 숟']"
146,https://www.youtube.com//watch?v=T4fGTTKJihQ,"['양배추 6장', '새송이 버섯 2개 (작은2 또는 큰 1)', '대파 1/3', '굴소스 1.5 숟 (입맛에 따라 가감)', '후추 약간', '소금 한꼬집', '식용유']"
147,https://www.youtube.com//watch?v=VatzaYmSDjY,"['순두부 1/2 개 ', '계란 3개', '대파 1/3', '소금 1/2 숟', '식용유']"
148,https://www.youtube.com//watch?v=ZsqGrfECqDo,"['배추 8장', '팽이버섯 1개', '마늘 3개', '식초 1 숟', '소금 1 숟', '식용유 1 숟', '간장 1 숟', '굴소스 1 숟', '소금 1/2 작은 숟', '설탕 1/2 작은 숟', '후추 1/4 작은 숟', '전분 1 숟가락', '물 반컵 (종이컵)']"
149,https://www.youtube.com//watch?v=Ztl_FfY6mRo,"['닭가슴살 300g', '계란 1개', '간장 1 숟가락', '맛술 1 숟가락', '새송이 버섯 2개', '양파 1개', '다진마늘 2T (마늘 10개)', '간장 2 숟가락', '굴소스 1/2 숟가락', '물엿 1 숟가락', '*달달하게 드시고 싶다면 설탕 1 숟가락 추가해 주세요']"
150,https://www.youtube.com//watch?v=Bid6IcxXr0A,"['재료', '두부 1모 (300g)', '양파 반개', '대파 1/3', '계란 2개', '식용유 1/2 숟', '들기름  1 숟', '양념', '간마늘 1T', '고춧가루 1T', '간장 4T', '설탕 1T', '굴소스 1/2T', '참기름 1T', '물 1/2컵 (종이컵)']"
151,https://www.youtube.com//watch?v=ckVjRB53SIM,"['느타리버섯 1팩', '스팸 200g  (작은캔)', '양파 1/2 ', '고추 1개', '다진마늘 1/2 숟가락', '굴소스 1 숟가락', '간장 1 숟가락 ', '후추 약간', '통깨 약간']"
152,https://www.youtube.com//watch?v=m-5XpLJbxHA,"['두부 500g', '계란 1개', '다진고기 140g', '소금 1/2 작은숟', '후추 1/2 작은숟', '간장 1 큰숟', '전분 1 작은숟', '다진마늘 1 큰숟', '물 1컵', '간장 2 큰숟', '굴소스 1 큰숟', '물엿 또는 설탕 1 큰숟', '*고기는 돼지고기 소고기 닭고기 아무 부위를 사용하셔도 좋습니다 영상에서는 돼지 앞다리살을 다져서 사용했어요']"
153,https://www.youtube.com//watch?v=qS9tQ1pwphE,"['둥근어묵 8개', '계란 5개', '물 250g', '소금 또는 새우젓', '대파 1/2', '*입맛에 맞게 간장, 다진마늘, 참기름, 깨 등을 넣으셔도 좋아요']"
154,https://www.youtube.com//watch?v=3inqew3Q3A0,"['배추 반포기', '두부 300g', '통마늘 7개', '돼지고기 (삼겹살 1줄)', '대파 1/2', '고추 (선택사항)', '간장 1 큰숟가락', '굴소스 1 큰숟가락', '소금 1/2 작은숟가락', '*입맛에 따라 소금 대신 새우젓으로 간을 하셔도 좋습니다']"
155,https://www.youtube.com//watch?v=dQpsW52aphA,"['순두부 1개', '계란 3개', '다진대파 1줌', '멸치다시육수 1컵 (종이컵 기준)', '새우젓 1 숟가락', '*새우젓 대신 액젓으로 대체하셔도 좋습니다.', '입맛에 따라 참기름 반스푼 정도 추가하셔도 좋습니다.']"
156,https://www.youtube.com//watch?v=8J4vHsHbAt0,"['어묵 3장', '새송이 버섯 2개', '계란 1개', '전분 1 작은숟 (생략가능)', '양파 1/2', '대파1/3', '다진마늘 1 숟가락', '후춧가루 약간', '통깨', '간장 2 숟가락반', '맛술 1 숟가락(생략가능)', '굴소스 1/2 숟가락', '고춧가루 1 숟가락', '올리고당 1 숟가락', '물 1/4컵 (종이컵 기준)', '* 좀 달게 드시고 싶다면 설탕 1/2 숟가락 추가해 주세요']"
157,https://www.youtube.com//watch?v=8Kvkiw0StMw,"['재료 ', '단호박 1/3개', '당근 1/4개', '쪽파  5~6쪽', '계란 1개', '밀가루 200g', '식용유', '* 튀김가루는 바삭하면서도 부드럽게 튀김옷이 부풀도록 해주며', '일반 밀가루 중력분 또는 부침가루를 사용하실 경우, 전분을 조금 섞어주시면 더 바삭하게 드실 수 있어요. (영상에서는 튀김가루를 사용했어요)']"
158,https://www.youtube.com//watch?v=012Y9Ods5Vg,"['재료', '계란 3개', '밥 1공기반', '양파 반개', '당근 1/3', '햄', '파프리카 반개', '소금', '식용유']"
159,https://www.youtube.com//watch?v=3oAVwIR3MDY,"['재료', '순두부 1개', '계란 3개', '쪽파 4쪽', '마늘 3쪽', '고추(선택사항)', '양념', '간장 2 숟가락', '굴소스 1 숟가락', '소금 1/2 작은 숟가락', '설탕 1/2 작은 숟가락', '물 반컵 (종이컵 기준)']"
160,https://www.youtube.com//watch?v=mSLTNdjlMUU,"['재료', '새송이버섯 4개', '소금 1/2 숟가락', '전분 2~3 숟가락', '식용유']"
161,https://www.youtube.com//watch?v=ASRR6Qv9o70,"['재료', '깻잎 5장', '맛살 5개', '계란 1개', '밀가루 2 숟가락', '이쑤시개 10개']"
162,https://www.youtube.com//watch?v=5H_CP6CddSE,"['계란 4개', '소금 1 작은숟', '당근 1/3', '쪽파 5~6쪽', '다진고기 1컵(50g)', '피망 반개', '식용유', '양념', '소금 1/2 작은숟', '설탕 1/2 작은숟', '간장 1 큰숟', '굴소스 1/2 큰숟', '물 2/3컵 (종이컵)']"
163,https://www.youtube.com//watch?v=D8UKrbuQURY,[' ']
164,https://www.youtube.com//watch?v=27hO6RvJFfg,"['재료', '연근 2개 (500g)', '대파 1줌', '고추 1개(생략가능)', '쪽파(생략가능)', '소금 1 숟가락', '식용유', '양념', '간장 1 숟가락', '굴소스 1 숟가락', '설탕 1 숟가락', '후추 1/2 작은숟가락', '전분 1/2 숟가락', '물 1숟가락', '*연근을 삶으실 때 소금 1T 넣어주시면 연근에 간이 더 배고 맛있어요', '*연근을 삶으실 때 아삭하게 드시고 싶다면 10분 내외, 부드럽게 드시고 싶다면 30분 내외로 삶아주세요. (영상은 10분 내외)']"
165,https://www.youtube.com//watch?v=m_xP2R_PlVk,"['재료', '(간장 두부조림)', '두부 500g(큰 두부)', '대파', '홍고추, 청고추 1/2개씩', '다진마늘 1T', '전분가루 5T', '간장 1T', '굴소스 2T', '설탕 1T', '물엿 2T', '미림 2T (생략가능)', '(두번째 두부조림)', '두부 300g(작은두부)', '전분가루 5T', '간장 1T', '케첩 4T ', '설탕 1T', '물엿 2T', '간마늘 1/3T', '물 5T', '고추장 1/3T (간장 또는 굴소스 대체가능)', '* 1T 는 1 큰숟가락 1t는 1작은숟가락 입니다.']"
166,https://www.youtube.com//watch?v=IoCEFnqKav0,"['재료', '순두부 1개', '계란 3개', '다진 대파', '크래미 5개 또는 맛살 3개', '다시마육수(물) 2컵 (종이컵)', '국간장 1 숟가락', '액젓 1 숟가락', '다진마늘 1/2 숟가락']"
167,https://www.youtube.com//watch?v=AixidnHrWUQ,"['재료', '콩나물 200g', '두부 1모 (300g)', '계란 1개', '당근 1/4개', '양파 1/2개 ', '다진마늘 1 숟가락', '참기름 1 숟가락', '통깨', '양념', '간장 2 숟가락', '맛술 또는 미림 2 숟가락', '설탕 또는 올리고당 1 숟가락', '굴소스 1 숟가락', '고추장 2/3 숟가락', '고춧가루 1 숟가락 ( 입맛에 따라 가감)']"
168,https://www.youtube.com//watch?v=DXEMjK4z3SQ,"['재료', '맛살 5개', '깻잎 9장', '당근 1/3개', '계란 3개 (큰)', '소금 1/2 작은숟', '*소금간을 저는 슴슴하게 했는데 입맛에 따라 가감해주세요']"
169,https://www.youtube.com//watch?v=A4BUxf2X4Fg,"['재료', '당근 2개', '소금 1/2 숟가락', '표고버섯 3개 (다른 버섯 대체 가능)', '계란 3개', '불린 당면 1줌', '대파 1/3', '다진마늘 1 숟가락', '라이스페이퍼', '식용유', '참기름 1 숟가락', '간장 1/2 숟가락', '굴소스 1 숟가락', '소금, 후추 약간']"
170,https://www.youtube.com//watch?v=1yUqn9XVPd8,"['재료', '두부1/2모 (150g)', '크래미 4개', '달걀 3개', '소금 1꼬집', '대파', '식용유', '굴소스 1/2T', '후추 약간', '참기름 1/2T', '* 굴소스 대신 소금과 후추, 참기름만으로 간을 맞춰 드셔도 좋습니다', '* 마지막에 불을 끄고 잔열로 깻잎 또는 부추 등을 익힌 후 드시면 향이 더욱 좋아요']"
171,https://www.youtube.com//watch?v=zdlXk_UJ4ns,"['재료', '표고버섯 3개', '팽이버섯 1개', '당근 1/3개', '양파 작은크기 1개', '대파 약간', '양념', '간장 1 숟가락', '굴소스 1 숟가락', '다진마늘 1/2 숟가락', '설탕 1/2 숟가락', '미림 1 숟가락 (생략가능)', '후추 약간', '소금 약간', '물 2/3 종이컵', '녹말물 종이컵 반컵 ( 녹말 1: 물 2)', '통깨', '* 녹말물은 전분가루 1 숟가락과 물 2 숟가락 섞어서 준비해주세요']"
172,https://www.youtube.com//watch?v=vKc8YQtdUNw,"['재료', '크래미 10개', '깻잎 10장', '식용유', '라이스페이퍼 5장']"
173,https://www.youtube.com//watch?v=JkBvuLXM7u4,"['재료', '두부 1모 (300g)', '스팸 200g', '계란 2개', '부침가루 또는 전분가루 3T~4T (농도에 맞게 조절, 영상은 전분가루 사용)', '양파 1/4개 (큰양파)', '당근 1/4개 (양파와 같은 양)', '식용유', '깻잎전', '반죽의 반', '깻잎 6장', '전분가루 또는 부침가루 1T', '계란 1개', '식용유', '* 반죽의 농도는 너무 되직하면 전이 갈라지고 퍽퍽할 수 있고, 너무 질어도 반죽이 뭉치지 않아서 굽기 어려워요. 너무 되직하지도 질지 않은 찰기있고 쫀득한 느낌이며 모양이 잡히는 정도로 반죽의 농도를 맞춰주세요 (영상 참고)']"
174,https://www.youtube.com//watch?v=CbDgk_K1vwg,"['재료', '콩나물 300g', '어묵 4장', '쪽파 10쪽', '양파 1개', '당근 1/3개', '소금 1 작은숟', '다진마늘 1 작은숟', '식용유', '양념', '간장 2 큰숟', '굴소스 1 큰숟', '올리고당 또는 설탕 1 큰숟', '다진마늘 1/2 큰숟', '* 콩나물 비린내가 나지 않도록 소금과 다진마늘을 넣어주시고 뚜껑을 열고 끓여주세요', '* 콩나물과 어묵이 주 재료이고 야채들은 부추, 시금치,피망,버섯 등 냉장고에 있는 야채로 볶아주셔도 좋습니다', '❗️콩나물을 넣고 물이 생기지 않도록 센불에서 볶다가 불을 끄고 잔열로 볶아주세요']"
175,https://www.youtube.com//watch?v=z4UC9jTF99k,"['재료', '두부 1/2모(150g)', '계란 3개', '참치 작은캔 (80g)', '브로콜리 2송이', '맛술 1T', '소금 1/2t 또는 간장 1t', '식용유', '모짜렐라 치즈(선택사항)']"
176,https://www.youtube.com//watch?v=ptgm1upqagw,"['재료', '두부 1모 (300g)', '김 1장', '전분 1t (생략가능)', '소금 1/3t', '간장 1/2t', '양념', '황설탕 1T', '간장 3T', '맛술 1T (생략가능)', '올리고당 2T', '* 양념에 입맛에 따라 간마늘 1T정도 추가해주세요']"
177,https://www.youtube.com//watch?v=4heXOrR5oS4,"['재료', '팽이버섯 1봉', '계란 3개', '스팸 1/2개 (100g)', '대파 ', '청양고추 1개 (선택사항)', '전분가루 또는 부침가루 1 숟가락', '식용유', '*스팸대신 참치, 맛살 등을 넣으셔도 좋습니다', '* 1T는 1 큰숟가락, 1t는 1 작은숟가락 입니다']"
178,https://www.youtube.com//watch?v=hIz3cjSulG4,"['재료', '두부 1모(300g)', '새송이 버섯 1개 (큰 것 1개 또는 작은 것 2개, 종이컵 2컵)', '계란 1개', '홍고추 청고추 반개씩 (선택사항)', '식용유', '양념', '다진마늘 1T', '간장 3T', '굴소스 1T', '맛술 1T (생략가능)', '올리고당 1.5T ( 달짝지근하게 드시고싶다면 2T 넣어주세요)', '후추 1/3t', '참기름 1T', '통깨 1T', '* 1T는 1 큰숟가락, 1t는 1 작은숟가락 입니다', '* 버섯은 약불에서 익히면 물이 많이 나오고 식감이 흐믈 거리므로 중불(센불)에서 빠르게 볶아주세요', '*전분물은 전분가루 반큰술과 물 1큰술 섞어 준비하시고 사용하실 때 뭉치지 않게 저어준 후 넣어주세요']"
179,https://www.youtube.com//watch?v=Z67kRUQJkNs,"['재료', '맛살 2개 (또는 크래미 맛살)', '어묵 3~4개', '계란 2개', '간마늘 1/2T', '참기름 1/2T', '소금 1~2 꼬집', '대파 2T', '당근 2T', '식용유', '* 대파와 당근 외에 양파, 고추, 깻잎, 부추 등을 다져 넣으셔도 좋습니다']"
180,https://www.youtube.com//watch?v=4iWSb_Z1lEk,"['재료', '계란 6개', '양파 1/2개 ', '대파 (손가락 한 뼘)', '양념', '고추장 1 숟', '고춧가루 1.5 숟', '올리고당 1 숟', '간장 2 숟', '물 1컵', '설탕 1 숟', '참기름 1/2T (선택사항)', '통깨 1/2T', '* 설탕과 고춧가루는 입맛에 따라 가감해주세요']"
181,https://www.youtube.com//watch?v=3oNSTR4Idiw,"['재료', '두부 1모(300g)', '부추 (종이컵 2컵)', '간마늘 1/2 숟가락', '간장 또는 굴소스 1 숟가락', '소금 1/3t', '후추 1/3t', '라이스페이퍼 7~8장', '식용유', '*속재료는 생식으로 드실 수 있기 때문에 페이퍼의 겉면만 익히셔도 괜찮습니다']"
182,https://www.youtube.com//watch?v=rGI-rit0hQs,"['재료', '두부 1모 (300g)', '느타리 버섯 1팩 (200g)', '양파(중간)  1/2개', '홍고추, 청고추 1개씩 (생략가능)', '전분물', '양념', '간장 1 숟가락', '굴소스 1과 1/2 숟가락', '다진마늘 1/2 숟가락', '설탕 1 숟가락', '* 느타리 버섯 대신 다른 종류의 버섯을 사용하셔도 좋습니다', '* 느타리 버섯은 흐르는 물에 살짝 헹궈서 세척해주세요']"
183,https://www.youtube.com//watch?v=BXyVpbY60as,"['재료', '양배추 1/4통 (450g) (작은 양배추의 경우 반통)', '소금 1 작은숟', '계란 3개', '당면 (종이컵 1컵)', '대파', '다진마늘 1 숟가락', '라이스페이퍼 11~12장', '식용유', '양념', '후추 1/2 작은숟', '간장 1/2 숟', '굴소스 1/2 숟 (생략가능)', '참기름 1 숟', '*당면은 생략가능합니다', '* 칼로 양배추를 채썰기 어려우시다면 작게 다지셔도 좋습니다', '* 양배추는 통으로 소금과 식초를 넣은 물에 10분 정도 담근후 물에 세척후 사용하시면 됩니다', '❗️❗️라이스페이퍼를 너무 흐물거리는 정도로 적시면 구우실때 잘 터질 수 있으니, 적당히 질긴 정도에서 모양을 만들어 주세요']"
184,https://www.youtube.com//watch?v=wlMODfPd-Jo,"['재료', '두부 1모 (500g)', '계란 2개', '돼지고기 100g (아무 부위, 영상은 삼겹살)', '대파 1/3', '홍고추 1개 (선택사항)', '쪽파 (선택사항)', '간마늘 1 숟가락', '양념', '간장 2 숟가락', '맛술 1 숟가락(생략가능)', '굴소스 1 숟가락', '후추 1/3 작은 숟가락', '고추장 1/2 숟가락 ', '물 반컵 ', '전분물', '전분 1/2 숟가락', '물 1/3 컵', '*볶을때 대파가 빠졌네요,, 고기 볶은 후 마늘과 대파를 함께 넣어주시면 됩니다']"
185,https://www.youtube.com//watch?v=_0wsRiRsXq4,"['재료', '콩나물 한 줌(150g)', '어묵 한 장', '소금 1/3 작은숟', '후추 약간', '부침가루 또는 밀가루 1 숟가락', '식용유', '청양고추 (생략가능)', '* 반죽은 밀가루가 뭉치지 않고 콩나물과 잘 버무려질 정도로만 넣어주세요 (농도를 맞춰주세요)', '* 어묵 대신 햄,오징어(해산물) 등으로 대체하셔도 좋습니다', '* 청양고추 대신 대파로 대체하셔도 좋습니다']"
186,https://www.youtube.com//watch?v=uaBkZi9jz30,"['재료', '감자 1개 (큰, 300g)', '양파 반개', '홍고추 1/3개 (생략가능)', '쪽파 ', '간마늘 1/2 숟', '양념', '간장 1큰술 반', '굴소스 1/2 숟', '후추 약간', '참기름 1 숟', '통깨 1/2숟', '*굴소스가 없으시다면 생략 하셔도 괜찮습니다', '* 양파를 넣어 달달한 맛이 있기 때문에 올리고당을 생략했지만, 양파를 넣지 않으실 경우 올리고당 1/2 숟 추가로 넣어주세요']"
187,https://www.youtube.com//watch?v=1_knTshuaNI,"['재료', '두부 1모 (작은, 300g)', '깻잎 4장', '소금 약간', '후추 약간', '전분가루 또는 튀김가루 3 큰숟', '식용유', '양념', '간장 2 숟', '맛술 1 숟', '참기름 또는 들기름 1/2 숟', '간마늘 1/3 작은숟', '통깨 1숟', '*  깻잎은 드시기 직전에 양념과 섞어주셔야 깻잎의 숨이 죽지 않고 짜지지 않습니다']"
188,https://www.youtube.com//watch?v=K-X4kHMgeqM,"['재료', '애호박 1개', '당근 1/2개 (애호박보다 조금 적게)', '계란 3개', '소금 1 작은숟', '라이스페이퍼 8~9장', '양념', '소금 1/3 작은숟', '굴소스 1/2 큰숟 (1숟보다 약간 적게)', '식용유', '*당근은 색감과 영양을 위해서 넣었지만, 없으시다면 애호박과 계란만으로 속을 만드셔도 좋습니다']"
189,https://www.youtube.com//watch?v=BxEs76gaULE,"['재료', '새송이 버섯 4개', '마늘 9~10개', '쪽파 ', '식용유 1 숟', '버터 2 숟', '간장 1 숟', '굴소스 1/2 숟', '올리고당 1/2 숟', '맛술 또는 미림 1 숟 (생략가능)', '*버터 대신 식용유만 사용하셔도 괜찮습니다', '* 1T=1 밥숟가락, 1t=1 작은숟가락', '* 간이 부족하면 소금과 후추로 간을 맞춰주세요']"
190,https://www.youtube.com//watch?v=0gEeNtStHKw,"['재료 ', '감자 3개 (중간크기, 450g)', '소금 1/2 작은술', '후추 약간', '전분 4T (60g)', '참깨', '식용유']"
191,https://www.youtube.com//watch?v=T0Th2WMRm_w,"['재료', '깻잎 12장', '두부 1모 (300g)', '빨간 파프리카, 노랑 파프리카 2/3개씩', '크래미 3~4개', '양파 1/2개 (작은)', '소금 1 작은숟', '후추 약간', '간장 1 큰숟', '참기름 1 숟', '라이스 페이퍼 12장', '식용유', '* 두부와 깻잎 외에 속재료는 집에 있는 다른 채소를 사용하셔도 좋습니다', '* 구우실 때는 팬을 충분히 예열시킨 후 중불(센불)에서 굴려가며 골고루 노릇하게 구워주세요. 속 재료는 생식으로 드셔도 괜찮으니, 겉 부분이 노릇하게 익도록만 구워주세요']"
192,https://www.youtube.com//watch?v=2NArdMR-fIw,"['재료', '계란 6개', '소금 1/2 작은숟', '파 또는 쪽파', '마늘 5개', '당근 1/2개', '홍고추 1개', '돼지고기 1컵(50g)(아무 부위)', '양념', '소금 1/2 작은숟', '간장 1 큰숟', '굴소스 1 큰숟', '물 1컵', '전분물 (물 1숟 : 전분 1숟 )', '*냉장고에 있는 다른 채소들로 볶아서 양념을 만드셔도 좋습니다', '*고기 대신 햄을 사용하셔도 좋습니다']"
193,https://www.youtube.com//watch?v=qkYn9fBed1Q,"['재료', '애호박 1/2개', '참치 1/2개 (50g)', '양파 1/2개', '소금 약간', '후추 약간', '계란 2개 (작은)', '식용유', '* 애호박 1개의 경우, 참치캔 1개(작은)', '* 집에 있는 각종 야채를 잘게 다져 넣으면 맛과 식감이 더욱 좋고, 매운걸 좋아하시면 청양고추 넣어드셔도 좋습니다']"
194,https://www.youtube.com//watch?v=embbDc6pqq0,"['재료(오이맛살냉채)', '오이 1개', '크래미 5개 (맛살 가능)', '식초 2 큰숟', '간마늘 1/2 숟', '설탕 1 큰숟', '참기름 1 작은숟', '소금 1/2 작은숟', '연겨자 1/2 작은숟', '레몬즙 1/2 숟 (식초 대체가능)', '재료(오이맛살마요)', '오이 1개', '크래미 5개 (맛살 가능)', '소금 1 작은숟', '설탕 1 숟', '마요네즈 2 큰숟', '연겨자 1 작은숟']"
195,https://www.youtube.com//watch?v=MDOQ1uSqyIc,"['재료', '깻잎 11장', '어묵 4장', '계란 2개', '소금 2~3꼬집', '다진마늘 1/2 숟', '참기름 1/2 숟', '부침가루 (밀가루 또는 전분가루) 2 숟', '식용유']"
196,https://www.youtube.com//watch?v=-E92qi059ic,"['재료', '순두부 1/2개', '계란 2개', '대파 ', '청양고추 1개 (선택사항)', '소금 1/3 작은술', '후추 1/3 작은술', '식용유', '*저는 간을 슴슴하게 했는데, 소금의 양은 영상보다 아주 조금 더 넣으셔도 좋을 것 같아요', '영상이 도움이 되셨다면 구독,좋아요,댓글 잊지말아주세요 ', '감사합니다 행복한 하루 되세요!', '🎵Music provided by 브금대통령', '🎵Track : Naptime! - \xa0\xa0\xa0•\xa0[Royalty\xa0Free\xa0Mus...\xa0\xa0']"
197,https://www.youtube.com//watch?v=nE4cvwuhzFs,"['재료', '감자(특대) 2개', '양파(큰) 1개 ', '쪽파 2단(생략가능)', '소금', '후추', '전분 또는 부침가루(밀가루) 1 큰술', '홍고추 반개 (생략가능)']"
198,https://www.youtube.com//watch?v=JQQWyhtXQLw,"['재료 ', '깻잎 7~8장', '참치 1캔 (작은 80~100g)', '양파 (소) 1개', '두부 1/2모 (150g)', '소금', '후추', '부침가루 또는 밀가루 2 큰술', '달걀 2개 (작은 것 2개 또는 큰 것 1개)', '식용유']"
199,https://www.youtube.com//watch?v=F8d6HOdkXqY,"['재료', '감자 (큰) 1개', '토마토 (큰) 1개', '달걀 3개', '쪽파 1단', '소금 1 작은술', '후추 1 작은술', '식용유']"
200,https://www.youtube.com//watch?v=84d-B_ppB98,"['재료', '당면 50g', '숙주 한 줌', '양파 작은 것 1개', '대파 1/3', '계란 2개', '다진마늘 1/2 큰술', '간장 1 큰술', '굴소스 2 큰술', '올리고당 1 큰술', '통깨 1 큰술 ', '* 당면이 퍼지지 않고 숙주의 아삭한 식감이 살아나도록 빠르게 휙휙 볶아주는게 포인트에요 ', '* 양념을 넣고 당면을 볶을때 물 2T 정도 추가해서 볶아주셔도 좋습니다', '* 부추나 청양고추 등을 넣어 드셔도 맛있고, 달걀 대신 닭가슴살이나 버섯을 넣어 드셔도 맛있습니다', '* 궁금한 것은 댓글로 남겨주세요!']"
201,https://www.youtube.com//watch?v=adR_IpwxJSk,"['재료', '오이 1개', '토마토 작은것 2개', '식초 1 큰술', '소금 두 꼬집', '(양념)', '설탕 1/2큰술', '식초 1/3큰술', '간장 1 큰술', '갈은깨 2큰술', '참기름 1 작은술']"
202,https://www.youtube.com//watch?v=KyLTExzp8gg,"['재료', '어묵 3장', '양배추 1/4', '당근 약간(선택사항)', '대파 1/3', '간마늘 1/2 큰술', '소금 1 작은술', '간장 2 큰술', '올리고당 2 큰술', '굴소스 1 큰술', '식용유']"
203,https://www.youtube.com//watch?v=ijKcUuccqzY,"['재료', '감자 1개 (중간크기 200g)', '스팸 1/4 (작은캔)', '양파 1/4', '부침가루 3 큰술 (생략가능)', '후추 1/3 작은술 ', '식용유']"
204,https://www.youtube.com//watch?v=wNMjXi4FiEI,"['재료', '두부 한 모 (작은)', '소금', '후추', '찹쌀 또는 전분가루 2 큰술', '식용유', '간마늘 1/2큰술', '간장 2큰술', '올리고당 2 큰술', '맛술 2큰술 (생략가능)', '쪽파 또는 대파(생략가능)', '물 1/3 컵', '* 겉이 살짝 바삭하게 드시고싶으시다면 물을 넣지 마시구 양념만으로 졸여주세요!']"
205,https://www.youtube.com//watch?v=rgQUgje6JO4,"['재료', '숙주 한 줌 (200g)', '어묵 2장', '양파 반개', '대파 1/4', '간장 1 큰술', '굴소스 1큰술', '올리고당 1큰술', '맛술 1큰술', '들기름 반큰술', '통깨 약간', '식용유']"
206,https://www.youtube.com//watch?v=hXS2mz2m4xo,"['재료', '두부 1모 (300g)', '토마토 1개', '계란 2개', '쪽파 또는 대파', '마늘 3쪽', '간장 1큰술', '굴소스 반큰술 (간장 반큰술 대체)', '설탕 1/3 작은술', '물 1/3컵', '식용유', '소금', '후추', '*담백하게 드시고 싶으시다면 소금과 후추만으로 간을 하셔도 맛있습니다']"
207,https://www.youtube.com//watch?v=f8oFH-l7qK4,"['스팸 이렇게 만드셔서 밥에 비벼 드시거나 쌈 싸 드셔보세요', '양배추 한 통 금방 사라질 정도로 정말 맛있어요', '간단하게  만드셔서 맛있게 드세요!🤗', '재료', '스팸 작은캔(200g)', '양파 1개', '홍고추, 청고추 1개씩 (선택사항)', '고추장 2T', '된장 1T', '다진마늘 1/2T', '올리고당 2T  (덜 달게 드실 분들은 1T만 넣어주세요)', '참기름 1T', '통깨', '*버섯류를 넣어서 함께 드시면 더욱 맛있어요']"
208,https://www.youtube.com//watch?v=B-aBKQQNQAw,"['제가 다이어트 시작할 때 아침에 자주 해먹는 두부 요리입니다', '굉장히 간단해서 바쁜 아침에 밥대신 빠르고 든든하게 챙겨먹을 수 있어요', '토마토,브로콜리 등 야채를 구워서 함께 드시면 더욱 든든하고 맛있습니다', '그럼, 간단하게 만들어 건강하고 맛있게 드세요!', '재료', '두부 1모 (300g)', '달걀 3개 ', '쪽판 2단', '우유 3 큰술', '소금', '후추', '* 이 요리의 포인트는 달걀을 포슬포슬한 정도로만 부드럽게 익혀서 드시는거에요*^^*']"
209,https://www.youtube.com//watch?v=a--zC92cj4Q,"['재료', '가지 2개', '다진고기', '소금 1 작은술', '설탕 1 작은술', '간장 2 큰술', '식초 1 큰술', '전분 1 큰술 ( 생략가능)', '홍고추 1개', '마늘 3개']"
210,https://www.youtube.com//watch?v=bPyA_Vu6bqo,"['재료', '두부 1모', '깻잎 6~7장', '계란 1개', '소금', '후추', '식용유', '밀가루 또는 부침가루 1큰술']"
211,https://www.youtube.com//watch?v=2MxjxT08n1Q,"['재료', '어묵 2장', '오이 1/3개', '양파 1/2개', '맛살 또는 크래미 4~5개', '마요네즈 7 큰술', '머스터드 1 큰술', '설탕 1 작은술', '소금 1/3 작은술', '후추 1/3 작은술', '식초 2 큰술']"
212,https://www.youtube.com//watch?v=zm0xgyCJBEw,"['재료', '양파 1개 (중간)', '계란 3개 (작은)', '대파', '소금 1/2 작은술', '후추 1/2 작은술', '굴소스 또는 간장 1큰술 (참치액)', '식용유']"
213,https://www.youtube.com//watch?v=sB-Rv1Hoi0s,"['재료', '어묵 2~3장', '풋고추 또는 청양고추 5개', '계란 3개 (작은)', '소금 약간', '참기름 1/2 큰술', '식용유']"
214,https://www.youtube.com//watch?v=XRelQgOHPIs,"['도우 대신 감자로 간단하게 만들 수 있는 감자피자입니다', '특별히 밀가루 음식으로 소화가 안되거나 건강식으로 드실 분들께 좋은 음식입니다', '밀가루 없이 만들어서 건강에 좋은 간식 또는 맛있는 맥주 안주, 한끼식사로 좋은 감자피자👍', '간단하게 만드셔서 건강하고 맛있게 드세요🤗', '재료', '감자 큰거 1개 (감자 양을 추가하셔도 좋습니다)', '계란 2개', '소시지 반개', '대파 (또는 양파)', '식용유', '후추', '소금', '케첩 (또는 토마토 소스)', '모짜렐라 치즈', '* 통조림콘, 피망,양파,버섯 등 냉장고에 있는 재료들을 넣어서 드시면 더욱 맛있습니다']"
215,https://www.youtube.com//watch?v=OGwPiBVUyBI,"['부추와 계란으로 간단하게 만드실 수 있는 부추달걀볶음입니다', '집에 남은 부추를 어떻게 소진해야할지 고민이신 분들은 이렇게 한번 만들어 드셔보세요', '간단하고 건강하고 맛있습니다', '만드셔서 맛있게 드세요👍🤗', '재료', '부추 한줌', '계란 3개', '소금 약간', '후추 약간', '참기름', '깨소금', '식용유', '*볶음밥이나 덮밥으로 드실때는 굴소스 1큰술 넣어 드시면 좋습니다', '* 달걀을 부드럽게 드시고 싶으시다면 달걀이 반 정도 익었을때 부추를 넣고 볶아주세요', '*계란과 부추 모두 오래 볶지 마시고 빠르게 살짝만 볶아주세요']"
216,https://www.youtube.com//watch?v=6VgryPNVlnc,"['색다른 스타일의 두툼한 양파감자전입니다', '두툼하게 부쳐서 겉은 바삭하고 속은 부드러우며 포만감이 있어 한끼식사로도 좋습니다', '양파 더이상 볶거나 담가서 드시지만 말고 이렇게도 드셔보세요', '양파를 싫어하는 아이들도 잘 먹고 모두가 건강해지는 방법입니다', '간단하게 만드셔서 맛있게 드세요🤗', '재료', '양파 1개', '감자 1개', '계란 3개', '간장 1 큰술', '소금 약간', '후추 약간', '부침가루 또는 중력분 4 큰술 (생략하셔도 괜찮습니다)', '식용유', '❗️프라이팬에 가스불이 닿지 않을정도로 약불에서 속까지 완전히 익혀주세요', '인덕션 불 조절이 어려울 경우 감자를 볶거나 혹은 데친 후 익혀주세요']"
217,https://www.youtube.com//watch?v=-TWUHL2CBjc,"['손쉽게 구할 수 있는 두부와 팽이버섯, 야채를 곁들인 두부팽이버섯전입니다', '두부전에 팽이버섯이 들어가 식감이 정말 좋아요', '또한 두부와 팽이버섯은 궁합이 좋아 둘이 만나면 지력을 키우고 체력을 강화시키며 영양불량, 고혈압 , 혈관경화중에도 좋다고 해요', '간단하게 만들어서 밥반찬, 한끼 식사로 건강하고 맛있게 드세요🤗', '재료', '두부 한 모', '팽이버섯 한봉지', '대파 또는 쪽파', '소금 후추 약간', '달걀 3개 ', '식용유', '참치 반컵', '팽이버섯과 두부에서 물이 나오기 때문에 기름을 두르지 않고 구우셔도 됩니다!']"
218,https://www.youtube.com//watch?v=mPHYopyDQYw,"['자주 드시는 두부 색다른 방법으로 드셔보세요', '이 두부조림은 두부가 달걀옷을 전체적으로 입어 부드러우며 더욱 담백하고 고소합니다', '두부를 하나하나 부칠 필요가 없어 간단하게 만들 수 있구요', '집에 있는 두부와 계란으로 간단하게 만드셔서 맛있게 드세요🤗', '재료', '두부 한 모', '계란 3개', '대파 또는 쪽파', '마늘 3개 (영상은 알마늘 2개 입니다)', '간장 2 큰술', '물 반컵', '소금 약간 (두 세꼬집)', '굴소스 1 큰술', '식용유']"
219,https://www.youtube.com//watch?v=oRGt_YnAToU,"['애호박과 맛살로 만든 애호박 맛살 전 입니다', '애호박전에 맛살이 들어가 밋밋한 맛이 없고, 전분가루가 들어가 바삭 쫀득한 식감입니다', '냉장고에 있는 재료들로 간단하게 만드셔서 맛있게 드세요😄', '재료', '애호박 1개', '크래미 5개', '소금 1 작은술', '감자전분 4~5 큰술', '식용유', '* 감자전분 대신 계란 2개', '부침가루만 있으시다면 부침가루 4~5 큰술', '또는 감자전분 부침가루 둘다 있으시다면 감자전분 2큰술 부침가루 3큰술', '* 영상에 소금 1은 소금 1t 의 오타입니다']"
220,https://www.youtube.com//watch?v=XYKNQ51dFQU,"['양배추와 당면으로 간단하게 만들 수 있는 양배추당면볶음 입니다', '양배추가 많이 들어가서 한끼 식사로 든든하고 먹고 난 뒤 속이 편안합니다', '집에 당근,양파, 부추 등 다른 채소가 있으시다면 함께 넣어 만들어 드셔도 좋습니다 더욱 맛있어요~', '간단하게 만드셔서 맛있고 건강하게 드세요😊', '재료', '양배추 1/4', '당면 작게 한줌', '마늘 5~6쪽', '홍고추,청고추 1개씩', '대파 또는 쪽파 약간', '간장 2 큰술', '굴소스 1 큰술', '소금 1 작은술']"
221,https://www.youtube.com//watch?v=eBLIaPyqld4,"['깻잎과 팽이버섯을 넣어 만든 깻잎팽이버섯접 입니다', '깻잎의 향긋한 맘과 팽이버섯의 아삭아삭한 식감이 더해져 정말 맛있어요~', '간단하게 만들 수 있어 밥반찬, 안주로 자주 드시게 될거에요, 만들어서 맛있게 드세요👍🤗', '재료', '깻잎 9~10장', '팽이버섯 한봉', '계란 3개', '소금 1 작은술', '식용유']"
222,https://www.youtube.com//watch?v=UHDwTKw6S2E,"['새로운 스타일의 두툼한 당면계란전입니다', '당면과 야채가 많이 들어가 더욱 담백 고소하고 건강한 맛입니다', '집에 있는 당면과 계란으로 맛있고 건강한 한끼 해결하세요🤗', '재료', '당면 한줌', '당근 반개', '양파 반개', '쪽파 2쪽', '계란 3개', '소금 약간 (1 작은술)', '후추 약간', '* 당면은 불린뒤 반으로 잘라주세요', '* 당면을 불릴때 물이 뜨거우면 점성이 생기고, 물이 차가우면 불리는데 시간이 오래 걸리니 미지근한(따뜻한) 물에서 불려주세요']"
223,https://www.youtube.com//watch?v=vZZgP_PmYX8,"['색다른 스타일의 두부조림입니다', '두부에 계란물을 묻혀 더욱 고소하고 담백하며', '두부를 일일이 부치거나 튀기지 않아서 간단하게 만들 수 있습니다', '부추와 두부의 조합도 너무 좋아요~', '새로운 스타일로 두부조림 꼭 만들어 드셔 보세요😊👍', '재료', '두부 한모', '계란 1개', '부추 1~2줌', '홍고추 1개', '간장 2 큰술', '굴소스 1큰술', '간마늘 1큰술', '설탕 1/2 큰술', '물 1컵', '식용유']"
224,https://www.youtube.com//watch?v=rOUSnXjobNI,"['간단하게 볶아서 후다닥 만들 수 있는 팽이버섯 볶음 요리 입니다', '담백한 팽이버섯에 쫄깃한 맛살이 더해져 더욱 맛있고, 아이들도 잘 먹는 반찬이에요', '간단하게 만드셔서 맛있게 드세요👍🤗', '재료', '팽이버섯 1봉', '맛살 3개', '대파 1/3', '식용유', '다진마늘 1 큰술', '굴소스 1 큰술', '후추 약간', '🎵Music provided by 브금대통령', '🎵Track : Naptime! - \xa0\xa0\xa0•\xa0[Royalty\xa0Free\xa0Mus...\xa0\xa0\u200b']"
225,https://www.youtube.com//watch?v=Ma2IonFZa5Y,"['사천식 어항가지볶음 요리입니다', '식당에서 먹는 것보다 기름진 맛도 없고 맛이 아주 좋아요~', '한번 익혀두시면 의외로 간단하게 만들 수 있느니 꼭 만들어 드셔보세요🤗', '1T = 1 큰숟가락', '1t =  1 작은숟가락', '재료', '가지 2개', '마늘 5~6쪽', '대파 1/3', '홍고추, 청고추 1개씩', '튀김가루 4~5 큰술', '찬물 반컵', '식용유', '맛술 2 큰술', '간장 1 큰술', '굴소스 1.5 큰술', '물엿 1 큰술', '참기름 0.5 큰술', '고춧가루 1 큰술']"
226,https://www.youtube.com//watch?v=2Cb57fDFpyc,"['집에 있는 스팸을 활용해 만들 수 있는 깻잎스팸전입니다', '향긋한 깻잎향이 확 퍼지면서 고소하고 짭쪼름한 스팸의 맛이 정말 좋아요💯👍', '만들기도 간단하니 꼭 만들어 드셔보세요🤗', '재료', '깻잎 6장', '작은 스팸 1통', '계란 1개', '부침가루 or 밀가루 1 큰술', '식용유']"
227,https://www.youtube.com//watch?v=-ok5XTnauic,"['이번에 만든 요리는 중국식 숙주볶음 입니다.', '빨리 볶아 먹을 수 있고 볶아서 식감이 더 아삭아삭해서 좋아요~', '고기 반찬과 함께 드시면 더욱 맛있어요', '매일 똑같은 숙주나물 말고 이렇게 색다르게 볶아서 드셔보세요', '재료', '숙주 300~400g (4줌)', '부추 또는 쪽파 한줌', '작은양파 1개 (또는 큰양파 1/2개)', '식용유 또는 고추기름', '굴소스 1 큰술', '간장 1 큰술', '소금 약간', '🎵Music provided by 브금대통령', '🎵Track : Naptime! - \xa0\xa0\xa0•\xa0[Royalty\xa0Free\xa0Mus...\xa0\xa0\u200b']"
228,https://www.youtube.com//watch?v=78bGzQadxm8,"['새송이 버섯을 먹는 색다른 방법입니다', '새송이버섯을 메인으로 준비해서 밥반찬, 술안주로 즐겨보세요!', '간장마늘소스와 잘 어울려 한국인의 입맛에 딱 좋은 요리에요~', '*새송이 버섯 2개의 경우 양념을 2배로 해서 만들어 주세요', '재료', '새송이 버섯 2개', '간장 1큰술', '물 3 큰술', '올리고당 1 큰술', '마늘 1/2 큰술', '버터']"
229,https://www.youtube.com//watch?v=UIrnIEXTBM0,"['매운 음식이 땡길때 집에 있는 간단한 재료로 쉽게 만들수 있는 매운어묵 김밥이에요', '남은 어묵은 반찬으로 먹어도 정말 맛있어요', '꼭 만들어 드셔보세요!', '[재료]', '계란 6개', '어묵 5개', '김 4장', '고슬고슬한 밥', '참기름 1 큰술', '통깨 ', '소금 1t', '고춧가루 2 큰술', '설탕 1 큰술', '간장 1 큰술', '참기름 1/2 큰술', '까나리 액젓 1/2 큰술', '다진마늘 1 큰술', '물 7~8 큰술']"
230,https://www.youtube.com//watch?v=YIAz7K3YrHk,[' ']
231,https://www.youtube.com//watch?v=xjgdd0ADzok,[' ']
232,https://www.youtube.com//watch?v=bB6U5k0zSE4,[' ']
233,https://www.youtube.com//watch?v=sGCeSghcpeY,"['안녕하세요~ 오늘은 혈관, 심장 등 건강에 좋은 부추를 이용하여', '나이불문 누구나 좋아하는 맛있는 음식을 요리해봤습니다', '재료도 간단하고 만들기도 쉬워서 누구나 따라 만드실 수 있어요', '꼭 만들어 드셔보시길 추천드려요~!', '영상이 도움이 되셨다면 구독,좋아요,댓글 잊지말아주세요 ', '감사합니다 행복한 하루 되세요!', '🎵Music provided by 브금대통령', '🎵Track : Naptime! - \xa0\xa0\xa0•\xa0[Royalty\xa0Free\xa0Mus...\xa0\xa0\u200b']"
234,https://www.youtube.com//watch?v=GuYsDyevorU,"['안녕하세요~ 오늘은 팽이버섯 요리 소개해드릴게요', '이 요리는 팽이버섯에 계란이 들어간 팽이버섯전 입니다', '집에 있는 간단한 재료로 건강하고 맛있게 한끼 식사를 해결하실 수 있어요', '팽이버섯을 자르지 않아서 씹는 맛이 살아있고 맛도 고소해서 정말 맛있어요', '꼭 만들어 드셔 보시길 추천드려요!', '영상이 도움이 되셨다면 구독,좋아요,댓글 잊지말아주세요 ', '감사합니다 행복한 하루 되세요!', '*바섯은 혹시 모를 먼지와 팽이버섯 특유의 잡내를 제거하기 위해 물에 담갔지만 흐르는 물에 가볍게 씻어서 요리하셔도 좋습니다!', '🎵Music provided by 브금대통령', '🎵Track : Naptime! - \xa0\xa0\xa0•\xa0[Royalty\xa0Free\xa0Mus...\xa0\xa0\u200b']"
235,https://www.youtube.com//watch?v=iTirMinZfTI,[' ']
